{"cameraMode":{"drawMode":0,"name":"Shaded","section":"Shading Mode"},"sceneLighting":true,"audioPlay":false,"sceneViewState":{"m_AlwaysRefresh":false,"showFog":true,"showSkybox":true,"showFlares":true,"showImageEffects":true,"showParticleSystems":true,"showVisualEffectGraphs":true,"m_FxEnabled":true},"in2DMode":false,"pivot":{"x":3.7678518295288088,"y":0.48554036021232607,"z":-6.453691005706787},"rotation":{"x":0.14903521537780763,"y":-0.6015819907188416,"z":0.11559097468852997,"w":0.7762799263000488},"size":0.9631091952323914,"orthographic":false}