{"cameraMode":{"drawMode":0,"name":"Shaded","section":"Shading Mode"},"sceneLighting":true,"audioPlay":false,"sceneViewState":{"m_AlwaysRefresh":false,"showFog":true,"showSkybox":true,"showFlares":true,"showImageEffects":true,"showParticleSystems":true,"showVisualEffectGraphs":true,"m_FxEnabled":true},"in2DMode":false,"pivot":{"x":-0.35196009278297427,"y":1.4894131422042847,"z":-0.6069263219833374},"rotation":{"x":0.1806080937385559,"y":-0.046493999660015109,"z":0.008537360467016697,"w":0.9824705123901367},"size":0.8660253882408142,"orthographic":false}