{"cameraMode":{"drawMode":0,"name":"Shaded","section":"Shading Mode"},"sceneLighting":true,"audioPlay":false,"sceneViewState":{"m_AlwaysRefresh":false,"showFog":true,"showSkybox":true,"showFlares":true,"showImageEffects":true,"showParticleSystems":true,"showVisualEffectGraphs":true,"m_FxEnabled":true},"in2DMode":false,"pivot":{"x":5.0546674728393559,"y":0.8465383052825928,"z":-5.632256507873535},"rotation":{"x":-0.02223224937915802,"y":-0.9337363243103027,"z":0.35242125391960146,"w":-0.058904703706502917},"size":0.3480674922466278,"orthographic":false}