{"cameraMode":{"drawMode":0,"name":"Shaded","section":"Shading Mode"},"sceneLighting":true,"audioPlay":false,"sceneViewState":{"m_AlwaysRefresh":false,"showFog":true,"showSkybox":true,"showFlares":true,"showImageEffects":true,"showParticleSystems":true,"showVisualEffectGraphs":true,"m_FxEnabled":true},"in2DMode":false,"pivot":{"x":0.5250453948974609,"y":1.8580095767974854,"z":-4.687973499298096},"rotation":{"x":0.18726280331611634,"y":-0.6416418552398682,"z":0.16571033000946046,"w":0.7251116633415222},"size":1.0847352743148804,"orthographic":false}