{"cameraMode":{"drawMode":0,"name":"Shaded","section":"Shading Mode"},"sceneLighting":false,"audioPlay":false,"sceneViewState":{"m_AlwaysRefresh":false,"showFog":true,"showSkybox":false,"showFlares":true,"showImageEffects":true,"showParticleSystems":true,"showVisualEffectGraphs":true,"m_FxEnabled":true},"in2DMode":false,"pivot":{"x":-0.6611393094062805,"y":0.29426711797714236,"z":-0.24866725504398347},"rotation":{"x":0.12589401006698609,"y":0.7533610463142395,"z":-0.151145800948143,"w":0.6274977326393127},"size":0.047165412455797198,"orthographic":false}